
use QLTKNH;

-- Thêm dữ liệu cho bảng Headquarter
INSERT INTO Headquarter (ID, name_headquarter, address, phone_number)
VALUES 
    ('HBG', N'Bắc Giang', N'TP Bắc Giang, Bắc Giang', '0826892316');
GO
-- Thêm dữ liệu cho bảng Customer
INSERT INTO Customer (ID, name_customer, date_of_birth, address, identify_number, phone_number, ID_headquarter)
VALUES 
    ('CBG001', N'Bùi Thị Lan', '1990-06-25', N'Bắc Giang', '123456789', '0987654321', 'HBG'),
    ('CBG002', N'Nguyễn Văn Tuấn', '1988-08-16', N'Bắc Giang', '987654321', '0987654322', 'HBG'),
    ('CBG003', N'Trần Thị Lan', '1983-11-07', N'Bắc Giang', '123451239', '45645546', 'HBG'),
    ('CBG004', N'Hoàng Thị Hương', '1992-02-09', N'Bắc Giang', '98765123121', '456456', 'HBG'),
    ('CBG005', N'Lê Văn Long', '1999-09-03', N'Bắc Giang', '123412312789', '4456456', 'HBG'),
    ('CBG007', N'Nguyễn Thanh Hoài', '1986-04-20', N'Bắc Giang', '123123126789', '0945654321', 'HBG'),
    ('CBG008', N'Phạm Văn Hưng', '2003-07-18', N'Bắc Giang', '9812312321', '0987645622', 'HBG'),
    ('CBG006', N'Đặng Thị Hằng', '1990-12-29', N'Bắc Giang', '98712321', '09832456452', 'HBG'),
    ('CBG009', N'Trần Thị Mai', '1987-10-31', N'Bắc Giang', '1214146789', '0984564321', 'HBG'),
    ('CBG010', N'Lê Thị Hà', '1981-05-17', N'Bắc Giang', '987454521', '09874562', 'HBG'),
    ('CBG011', N'Nguyễn Thị Thúy', '2004-01-14', N'Bắc Giang', '156556789', '098745645321', 'HBG'),
    ('CBG012', N'Nguyễn Văn Tuấn', '1995-07-11', N'Bắc Giang', '98978921', '098765456452', 'HBG'),
    ('CBG013', N'Trần Thị Thanh', '2000-04-06', N'Bắc Giang', '987897321', '098764562', 'HBG'),
    ('CBG014', N'Phạm Văn Hùng', '1984-09-30', N'Bắc Giang', '1678676789', '09845645321', 'HBG'),
    ('CBG015', N'Trần Thị Bình', '1992-12-22', N'Bắc Giang', '98089021', '0987456422', 'HBG');

GO
-- Thêm dữ liệu cho bảng Account
INSERT INTO Account (ID, balance, start_date, ID_customer)
VALUES 
    ('ABG001', 545000000, '2022-01-01', 'CBG001'),
    ('ABG002', 245000000, '2024-01-15', 'CBG002'),
    ('ABG003', 435000000, '2022-02-01', 'CBG003'),
	('ABG004', 500000000, '2022-07-01', 'CBG004'),
    ('ABG005', 452000000, '2023-01-15', 'CBG005'),
    ('ABG006', 453000000, '2021-02-01', 'CBG006'),
	('ABG007', 655002000, '2023-01-01', 'CBG007'),
    ('ABG008', 342000000, '2024-03-15', 'CBG008'),
    ('ABG009', 343000000, '2022-04-01', 'CBG009'),
	('ABG010', 534300000, '2023-01-01', 'CBG010'),
    ('ABG011', 452000000, '2021-06-15', 'CBG011'),
    ('ABG012', 533000000, '2022-12-01', 'CBG012'),
	('ABG013', 135000000, '2020-11-01', 'CBG013'),
    ('ABG014', 142000005, '2021-01-15', 'CBG014'),
    ('ABG015', 153000400, '2020-02-01', 'CBG015');
GO
-- Thêm dữ liệu cho bảng Employee
INSERT INTO Employee (ID, name_employee, date_of_birth, address, phone_number, ID_headquarter)
VALUES 
    ('EBG001', N'Nguyễn Thị Thắm', '1991-01-01', N'Thái Bình', '09876541231', 'HBG'),
    ('EBG002', N'Nguyễn Phi Long', '1990-05-15', N'Tuyên Quang', '09123654322', 'HBG'),
    ('EBG003', N'Lê Đình Hùng', '1999-06-01', N'Điện Biên', '09444654323', 'HBG'),
	('EBG004', N'Võ Tuyết Nga', '2003-01-01', N'Sơn La', '0955654321', 'HBG'),
    ('EBG005', N'Trần Đăng Khoa', '1995-05-15', N'Bắc Giang', '0977654322', 'HBG'),
	('EBG006', N'Hà Lê Thuấn', '1998-05-15', N'Bắc Giang', '0123123213', 'HBG'),
    ('EBG007', N'Cao Thái Sơn', '2000-06-01', N'Hà Nội', '095544654', 'HBG'),
	('EBG008', N'Trịnh Bá Cường', '2003-01-01', N'Lai Châu', '0988654321', 'HBG');
GO
-- Thêm dữ liệu cho bảng TransactionInfo
INSERT INTO Card (ID, expire_date, ID_card_type, ID_account)
VALUES 
    ('CBG001', '2025-06-12', 'CT001', 'ABG001'),
	('CBG002', '2026-12-14', 'CT001', 'ABG001'),
	('CBG003', '2027-01-03', 'CT001', 'ABG002'),
	('CBG004', '2029-12-16', 'CT001', 'ABG003'),
	('CBG005', '2030-12-10', 'CT001', 'ABG004'),
	('CBG006', '2029-05-30', 'CT001', 'ABG005'),
	('CBG007', '2027-12-03', 'CT001', 'ABG006'),
	('CBG008', '2025-12-03', 'CT001', 'ABG007'),
	('CBG009', '2025-12-19', 'CT001', 'ABG008'),
	('CBG010', '2025-01-02', 'CT001', 'ABG009'),
	('CBG011', '2026-01-12', 'CT001', 'ABG010'),
	('CBG012', '2029-01-14', 'CT002', 'ABG011'),
	('CBG013', '2025-01-17', 'CT003', 'ABG012'),
	('CBG014', '2028-01-12', 'CT004', 'ABG013'),
	('CBG015', '2025-10-01', 'CT005', 'ABG014'),
	('CBG016', '2029-11-02', 'CT006', 'ABG015'),
	('CBG017', '2028-08-17', 'CT007', 'ABG007'),
	('CBG018', '2025-09-17', 'CT004', 'ABG002'),
	('CBG019', '2025-12-17', 'CT001', 'ABG005'),
	('CBG020', '2027-05-16', 'CT002', 'ABG001'),
	('CBG021', '2026-04-13', 'CT003', 'ABG002'),
	('CBG022', '2025-12-12', 'CT006', 'ABG006'),
	('CBG023', '2029-03-14', 'CT005', 'ABG007'),
	('CBG024', '2025-12-15', 'CT002', 'ABG009');
GO
INSERT INTO TransactionInfo (ID, transaction_date, transaction_value, ID_source_account, ID_target_account, ID_employee)
VALUES 
    ('TIBG001', '2024-04-03', 1000000, 'ABG001', 'ABG002', 'EBG001'),
    ('TIBG002', '2024-04-03', 500000, 'ABG001', 'ABG012', 'EBG001'),
    ('TIBG003', '2024-03-03', 1000000, 'ABG001', 'ABG012', 'EBG001'),
	('TIBG004', '2023-03-03', 1000000, 'ABG001', 'ABG002', 'EBG001'),
    ('TIBG005', '2023-03-02', 2500000, 'ABG002', 'ABG003', 'EBG002'),
    ('TIBG006', '2023-04-02', 14000000, 'ABG001', 'ABG005', 'EBG003'),
	('TIBG007', '2025-04-02', 11000000, 'ABG001', 'ABG007', 'EBG003'),
    ('TIBG008', '2025-04-03', 500000, 'ABG002', 'ABG008', 'EBG003'),
    ('TIBG009', '2025-04-03', 1000000, 'ABG001', 'ABG004', 'EBG004'),
	('TIBG010', '2024-05-04', 1000000, 'ABG001', 'ABG005', 'EBG001'),
    ('TIBG011', '2024-05-04', 500000, 'ABG002', 'ABG005', 'EBG005'),
    ('TIBG012', '2023-05-04', 1000000, 'ABG001', 'ABG012', 'EBG001'),
	('TIBG013', '2023-04-03', 1000000, 'ABG001', 'ABG001', 'EBG001'),
    ('TIBG014', '2023-04-03', 500000, 'ABG002', 'ABG003', 'EBG001'),
    ('TIBG015', '2024-04-03', 140005000, 'ABG003', 'ABG002', 'EBG006'),
	('TIBG016', '2024-04-03', 14000000, 'ABG004', 'ABG001', 'EBG007'),
    ('TIBG017', '2023-03-14', 540000, 'ABG005', 'ABG003', 'EBG007'),
    ('TIBG018', '2023-03-14', 1444000, 'ABG006', 'ABG002', 'EBG006'),
	('TIBG019', '2023-03-14', 1434000, 'ABG007', 'ABG001', 'EBG006'),
    ('TIBG020', '2024-03-03', 543400, 'ABG008', 'ABG003', 'EBG001'),
    ('TIBG021', '2024-04-02', 1434000, 'ABG009', 'ABG002', 'EBG001'),
	('TIBG022', '2024-03-13', 1000000, 'ABG010', 'ABG001', 'EBG001'),
    ('TIBG023', '2024-03-13', 500000, 'ABG011', 'ABG003', 'EBG004'),
    ('TIBG024', '2024-03-13', 1000000, 'ABG012', 'ABG002', 'EBG005'),
	('TIBG025', '2024-03-02', 500000, 'ABG013', 'ABG005', 'EBG002'),
	('TIBG026', '2024-03-13', 1000000, 'ABG014', 'ABG001', 'EBG002'),
    ('TIBG027', '2022-03-16', 500000, 'ABG015', 'ABG004', 'EBG002'),
    ('TIBG028', '2022-03-16', 1000000, 'ABG007', 'ABG002', 'EBG005'),
	('TIBG029', '2022-03-06', 500000, 'ABG007', 'ABG002', 'EBG005'),
	('TIBG030', '2024-08-02', 500000, 'ABG005', 'ABG003', 'EBG005'),
    ('TIBG031', '2023-08-04', 500000, 'ABG007', 'ABG005', 'EBG005'),
    ('TIBG032', '2023-08-04', 1000000, 'ABG008', 'ABG012', 'EBG001'),
	('TIBG033', '2023-04-03', 1000000, 'ABG004', 'ABG006', 'EBG001'),
    ('TIBG034', '2023-07-03', 500000, 'ABG005', 'ABG007', 'EBG001'),
    ('TIBG035', '2024-07-03', 140005000, 'ABG003', 'ABG006', 'EBG006'),
	('TIBG036', '2024-07-03', 14000000, 'ABG004', 'ABG006', 'EBG007'),
    ('TIBG037', '2023-07-14', 540000, 'ABG005', 'ABG003', 'EBG007'),
    ('TIBG038', '2023-07-14', 1444000, 'ABG012', 'ABG002', 'EBG006'),
	('TIBG039', '2023-06-14', 1434000, 'ABG013', 'ABG001', 'EBG006'),
    ('TIBG040', '2023-06-03', 543400, 'ABG008', 'ABG012', 'EBG001'),
    ('TIBG041', '2023-06-02', 1434000, 'ABG009', 'ABG014', 'EBG001'),
	('TIBG042', '2023-06-13', 1000000, 'ABG010', 'ABG015', 'EBG001'),
    ('TIBG043', '2023-06-13', 500000, 'ABG011', 'ABG008', 'EBG004'),
    ('TIBG044', '2023-05-13', 1000000, 'ABG012', 'ABG013', 'EBG005'),
	('TIBG045', '2024-05-02', 500000, 'ABG013', 'ABG005', 'EBG002'),
	('TIBG046', '2022-05-13', 1000000, 'ABG014', 'ABG014', 'EBG002'),
    ('TIBG047', '2022-05-16', 500000, 'ABG015', 'ABG004', 'EBG002'),
    ('TIBG048', '2022-05-16', 1000000, 'ABG011', 'ABG013', 'EBG005'),
	('TIBG049', '2022-05-06', 500000, 'ABG009', 'ABG007', 'EBG005'),
	('TIBG050', '2022-03-02', 500000, 'ABG010', 'ABG006', 'EBG005');
Go