use QLTKNH;

-- Thêm dữ liệu cho bảng Headquarter
INSERT INTO Headquarter (ID, name_headquarter, address, phone_number)
VALUES 
    ('HHD', N'Hải Dương', N'TP Hải Dương, Hải Dương', '0961597093');
GO
-- Thêm dữ liệu cho bảng Customer
INSERT INTO Customer (ID, name_customer, date_of_birth, address, identify_number, phone_number, ID_headquarter)
VALUES 
    ('CHD001', N'Lê Thị Hương', '1988-09-25', N'Hải Dương', '987654321', '0987654321', 'HHD'),
    ('CHD002', N'Nguyễn Huy Hoàng', '1995-06-12', N'Hải Dương', '123456789', '0987654322', 'HHD'),
    ('CHD003', N'Phạm Thị Thanh', '1998-03-05', N'Hải Dương', '456789123', '0987654323', 'HHD'),
    ('CHD004', N'Hoàng Văn Hùng', '1992-11-18', N'Hải Dương', '789123456', '0987654324', 'HHD'),
    ('CHD005', N'Trần Thị Mai', '1997-02-28', N'Hải Dương', '159263478', '0987654325', 'HHD'),
    ('CHD007', N'Lê Văn Tuấn', '1990-07-15', N'Hải Dương', '357951468', '0987654326', 'HHD'),
    ('CHD008', N'Nguyễn Thị Ngọc', '1993-04-30', N'Hải Dương', '456789123', '0987654327', 'HHD'),
    ('CHD006', N'Đặng Văn Phúc', '1996-10-22', N'Hải Dương', '789123456', '0987654328', 'HHD'),
    ('CHD009', N'Bùi Thị Hà', '1991-12-07', N'Hải Dương', '159263478', '0987654329', 'HHD'),
    ('CHD010', N'Phạm Văn Đức', '1994-08-14', N'Hải Dương', '357951468', '0987654330', 'HHD'),
    ('CHD011', N'Lê Thị Thanh', '1989-05-03', N'Hải Dương', '456789123', '0987654331', 'HHD'),
    ('CHD012', N'Nguyễn Văn Tuấn', '1993-01-28', N'Hải Dương', '789123456', '0987654332', 'HHD'),
    ('CHD013', N'Hoàng Thị Hạnh', '1998-07-19', N'Hải Dương', '159263478', '0987654333', 'HHD'),
    ('CHD014', N'Trần Văn Đông', '1990-11-12', N'Hải Dương', '357951468', '0987654334', 'HHD'),
    ('CHD015', N'Phạm Thị Loan', '1995-09-07', N'Hải Dương', '456789123', '0987654335', 'HHD');
GO
-- Thêm dữ liệu cho bảng Account
INSERT INTO Account (ID, balance, start_date, ID_customer)
VALUES 
    ('AHD001', 545000000, '2022-01-01', 'CHD001'),
    ('AHD002', 245000000, '2024-01-15', 'CHD002'),
    ('AHD003', 435000000, '2022-02-01', 'CHD003'),
	('AHD004', 500000000, '2022-07-01', 'CHD004'),
    ('AHD005', 452000000, '2023-01-15', 'CHD005'),
    ('AHD006', 453000000, '2021-02-01', 'CHD006'),
	('AHD007', 655002000, '2023-01-01', 'CHD007'),
    ('AHD008', 342000000, '2024-03-15', 'CHD008'),
    ('AHD009', 343000000, '2022-04-01', 'CHD009'),
	('AHD010', 534300000, '2023-01-01', 'CHD010'),
    ('AHD011', 452000000, '2021-06-15', 'CHD011'),
    ('AHD012', 533000000, '2022-12-01', 'CHD012'),
	('AHD013', 135000000, '2020-11-01', 'CHD013'),
    ('AHD014', 142000005, '2021-01-15', 'CHD014'),
    ('AHD015', 153000400, '2020-02-01', 'CHD015');
GO
-- Thêm dữ liệu cho bảng Employee
INSERT INTO Employee (ID, name_employee, date_of_birth, address, phone_number, ID_headquarter)
VALUES 
    ('EHD001', N'Nguyễn Thị Thắm', '1991-01-01', N'Thái Bình', '09876541231', 'HHD'),
    ('EHD002', N'Nguyễn Phi Long', '1990-05-15', N'Tuyên Quang', '09123654322', 'HHD'),
    ('EHD003', N'Lê Đình Hùng', '1999-06-01', N'Điện Biên', '09444654323', 'HHD'),
	('EHD004', N'Võ Tuyết Nga', '2003-01-01', N'Sơn La', '0955654321', 'HHD'),
    ('EHD005', N'Trần Đăng Khoa', '1995-05-15', N'Bắc Giang', '0977654322', 'HHD'),
	('EHD006', N'Hà Lê Thuấn', '1998-05-15', N'Hải Dương', '0123123213', 'HHD'),
    ('EHD007', N'Cao Thái Sơn', '2000-06-01', N'Hà Nội', '095544654', 'HHD'),
	('EHD008', N'Trịnh Bá Cường', '2003-01-01', N'Lai Châu', '0988654321', 'HHD');
GO
-- Thêm dữ liệu cho bảng card
INSERT INTO Card (ID, expire_date, ID_card_type, ID_account)
VALUES 
    ('CHD001', '2025-06-12', 'CT001', 'AHD001'),
	('CHD002', '2026-12-14', 'CT001', 'AHD001'),
	('CHD003', '2027-01-03', 'CT001', 'AHD002'),
	('CHD004', '2029-12-16', 'CT001', 'AHD003'),
	('CHD005', '2030-12-10', 'CT001', 'AHD004'),
	('CHD006', '2029-05-30', 'CT001', 'AHD005'),
	('CHD007', '2027-12-03', 'CT001', 'AHD006'),
	('CHD008', '2025-12-03', 'CT001', 'AHD007'),
	('CHD009', '2025-12-19', 'CT001', 'AHD008'),
	('CHD010', '2025-01-02', 'CT001', 'AHD009'),
	('CHD011', '2026-01-12', 'CT001', 'AHD010'),
	('CHD012', '2029-01-14', 'CT002', 'AHD011'),
	('CHD013', '2025-01-17', 'CT003', 'AHD012'),
	('CHD014', '2028-01-12', 'CT004', 'AHD013'),
	('CHD015', '2025-10-01', 'CT005', 'AHD014'),
	('CHD016', '2029-11-02', 'CT006', 'AHD015'),
	('CHD017', '2028-08-17', 'CT007', 'AHD007'),
	('CHD018', '2025-09-17', 'CT004', 'AHD002'),
	('CHD019', '2025-12-17', 'CT001', 'AHD005'),
	('CHD020', '2027-05-16', 'CT002', 'AHD001'),
	('CHD021', '2026-04-13', 'CT003', 'AHD002'),
	('CHD022', '2025-12-12', 'CT006', 'AHD006'),
	('CHD023', '2029-03-14', 'CT005', 'AHD007'),
	('CHD024', '2025-12-15', 'CT002', 'AHD009');

GO
INSERT INTO TransactionInfo (ID, transaction_date, transaction_value, ID_source_account, ID_target_account, ID_employee)
VALUES 
    ('TIHD001', '2024-04-03', 1000000, 'AHD001', 'AHD002', 'EHD001'),
    ('TIHD002', '2024-04-03', 500000, 'AHD001', 'AHD012', 'EHD001'),
    ('TIHD003', '2024-03-03', 1000000, 'AHD001', 'AHD012', 'EHD001'),
	('TIHD004', '2023-03-03', 1000000, 'AHD001', 'AHD002', 'EHD001'),
    ('TIHD005', '2023-03-02', 2500000, 'AHD002', 'AHD003', 'EHD002'),
    ('TIHD006', '2023-04-02', 14000000, 'AHD001', 'AHD005', 'EHD003'),
	('TIHD007', '2025-04-02', 11000000, 'AHD001', 'AHD007', 'EHD003'),
    ('TIHD008', '2025-04-03', 500000, 'AHD002', 'AHD008', 'EHD003'),
    ('TIHD009', '2025-04-03', 1000000, 'AHD001', 'AHD004', 'EHD004'),
	('TIHD010', '2024-05-04', 1000000, 'AHD001', 'AHD005', 'EHD001'),
    ('TIHD011', '2024-05-04', 500000, 'AHD002', 'AHD005', 'EHD005'),
    ('TIHD012', '2023-05-04', 1000000, 'AHD001', 'AHD012', 'EHD001'),
	('TIHD013', '2023-04-03', 1000000, 'AHD001', 'AHD001', 'EHD001'),
    ('TIHD014', '2023-04-03', 500000, 'AHD002', 'AHD003', 'EHD001'),
    ('TIHD015', '2024-04-03', 140005000, 'AHD003', 'AHD002', 'EHD006'),
	('TIHD016', '2024-04-03', 14000000, 'AHD004', 'AHD001', 'EHD007'),
    ('TIHD017', '2023-03-14', 540000, 'AHD005', 'AHD003', 'EHD007'),
    ('TIHD018', '2023-03-14', 1444000, 'AHD006', 'AHD002', 'EHD006'),
	('TIHD019', '2023-03-14', 1434000, 'AHD007', 'AHD001', 'EHD006'),
    ('TIHD020', '2024-03-03', 543400, 'AHD008', 'AHD003', 'EHD001'),
    ('TIHD021', '2024-04-02', 1434000, 'AHD009', 'AHD002', 'EHD001'),
	('TIHD022', '2024-03-13', 1000000, 'AHD010', 'AHD001', 'EHD001'),
    ('TIHD023', '2024-03-13', 500000, 'AHD011', 'AHD003', 'EHD004'),
    ('TIHD024', '2024-03-13', 1000000, 'AHD012', 'AHD002', 'EHD005'),
	('TIHD025', '2024-03-02', 500000, 'AHD013', 'AHD005', 'EHD002'),
	('TIHD026', '2024-03-13', 1000000, 'AHD014', 'AHD001', 'EHD002'),
    ('TIHD027', '2022-03-16', 500000, 'AHD015', 'AHD004', 'EHD002'),
    ('TIHD028', '2022-03-16', 1000000, 'AHD007', 'AHD002', 'EHD005'),
	('TIHD029', '2022-03-06', 500000, 'AHD007', 'AHD002', 'EHD005'),
	('TIHD030', '2024-08-02', 500000, 'AHD005', 'AHD003', 'EHD005'),
    ('TIHD031', '2023-08-04', 500000, 'AHD007', 'AHD005', 'EHD005'),
    ('TIHD032', '2023-08-04', 1000000, 'AHD008', 'AHD012', 'EHD001'),
	('TIHD033', '2023-04-03', 1000000, 'AHD004', 'AHD006', 'EHD001'),
    ('TIHD034', '2023-07-03', 500000, 'AHD005', 'AHD007', 'EHD001'),
    ('TIHD035', '2024-07-03', 140005000, 'AHD003', 'AHD006', 'EHD006'),
	('TIHD036', '2024-07-03', 14000000, 'AHD004', 'AHD006', 'EHD007'),
    ('TIHD037', '2023-07-14', 540000, 'AHD005', 'AHD003', 'EHD007'),
    ('TIHD038', '2023-07-14', 1444000, 'AHD012', 'AHD002', 'EHD006'),
	('TIHD039', '2023-06-14', 1434000, 'AHD013', 'AHD001', 'EHD006'),
    ('TIHD040', '2023-06-03', 543400, 'AHD008', 'AHD012', 'EHD001'),
    ('TIHD041', '2023-06-02', 1434000, 'AHD009', 'AHD014', 'EHD001'),
	('TIHD042', '2023-06-13', 1000000, 'AHD010', 'AHD015', 'EHD001'),
    ('TIHD043', '2023-06-13', 500000, 'AHD011', 'AHD008', 'EHD004'),
    ('TIHD044', '2023-05-13', 1000000, 'AHD012', 'AHD013', 'EHD005'),
	('TIHD045', '2024-05-02', 500000, 'AHD013', 'AHD005', 'EHD002'),
	('TIHD046', '2022-05-13', 1000000, 'AHD014', 'AHD014', 'EHD002'),
    ('TIHD047', '2022-05-16', 500000, 'AHD015', 'AHD004', 'EHD002'),
    ('TIHD048', '2022-05-16', 1000000, 'AHD011', 'AHD013', 'EHD005'),
	('TIHD049', '2022-05-06', 500000, 'AHD009', 'AHD007', 'EHD005'),
	('TIHD050', '2022-03-02', 500000, 'AHD010', 'AHD006', 'EHD005');
Go
