-- Thêm dữ liệu cho bảng Headquarter
INSERT INTO Headquarter (ID, name_headquarter, address, phone_number)
VALUES 
    ('HHP', N'Hải Phòng', N'Hồng Bàng, Hải Phòng', '0988903969');
GO
-- Thêm dữ liệu cho bảng Customer
INSERT INTO Customer (ID, name_customer, date_of_birth, address, identify_number, phone_number, ID_headquarter)
VALUES 
    ('CHP001', N'Trần Ngọc Mai', '1995-06-05', N'Hải Phòng', '123456789', '0987654321', 'HHP'),
    ('CHP002', N'Phạm Thị Tuyết', '1984-10-27', N'Hải Phòng', '987654321', '0987654322', 'HHP'),
	('CHP003', N'Trần Quang Anh', '2004-03-19',N'Hải Phòng', '123451239', '0845645546', 'HHP'),
    ('CHP004', N'Nguyễn Minh Quân', '1990-01-27',N'Hải Phòng', '98765123121', '098456456', 'HHP'),
	('CHP005', N'Hồ Văn Nam', '2001-03-23', N'Hải Phòng', '123412312789', '084456456', 'HHP'),
	('CHP007', N'Nguyễn Văn Trọng', '1995-03-15', N'Hải Phòng', '123123126789', '094554321', 'HHP'),
    ('CHP008', N'Trần Thị Ánh', '1996-08-20', N'Hải Phòng', '9812312321', '0987565622', 'HHP'),
    ('CHP006', N'Nguyễn Lan Hương', '2004-05-16',N'Hải Phòng', '98712321', '09832356452', 'HHP'),
	('CHP009', N'Nguyễn Tuyết Nhung', '1989-03-15', N'Hải Phòng', '1214146789', '0934654321', 'HHP'),
    ('CHP010', N'Lã Thị Thu Thủy', '1995-05-15', N'Hải Phòng', '987454521', '0987434362', 'HHP'),
	('CHP011', N'Nguyễn Văn Huy', '1996-08-15', N'Hải Phòng', '156556789', '098745321', 'HHP'),
    ('CHP012', N'Trần Đăng Quang', '2002-07-20', N'Hải Phòng', '98978921', '09876452', 'HHP'),
	('CHP013', N'Nguyễn Văn Tới', '1999-04-24', N'Hải Phòng', '987897321', '0987647562', 'HHP'),
	('CHP014', N'Nguyễn Văn Nam', '1998-03-15', N'Hải Phòng', '1678676789', '098455621', 'HHP'),
    ('CHP015', N'Trần Thị Bình', '2003-05-15', N'Hải Phòng', '98089021', '0987434522', 'HHP');
GO
-- Thêm dữ liệu cho bảng Account
INSERT INTO Account (ID, balance, start_date, ID_customer)
VALUES 
    ('AHP001', 727000000, '2022-01-01', 'CHP001'),
    ('AHP002', 711000000, '2024-01-15', 'CHP002'),
    ('AHP003', 353000000, '2022-02-01', 'CHP003'),
	('AHP004', 654600000, '2022-07-01', 'CHP004'),
    ('AHP005', 543000000, '2023-01-15', 'CHP005'),
    ('AHP006', 124000000, '2021-02-01', 'CHP006'),
	('AHP007', 858002000, '2023-01-01', 'CHP007'),
    ('AHP008', 948000000, '2024-03-15', 'CHP008'),
    ('AHP009', 325000000, '2022-04-01', 'CHP009'),
	('AHP010', 645300000, '2023-01-01', 'CHP010'),
    ('AHP011', 234000000, '2021-06-15', 'CHP011'),
    ('AHP012', 654000000, '2022-12-01', 'CHP012'),
	('AHP013', 642000000, '2020-11-01', 'CHP013'),
    ('AHP014', 232000000, '2021-01-15', 'CHP014'),
    ('AHP015', 153000400, '2020-02-01', 'CHP015');
GO
-- Thêm dữ liệu cho bảng Employee
INSERT INTO Employee (ID, name_employee, date_of_birth, address, phone_number, ID_headquarter)
VALUES 
    ('EHP001', N'Nguyễn Văn Thắng', '1991-01-01', N'Lê Chân', '0986523321', 'HHP'),
    ('EHP002', N'Phạm Thị Duyên', '1990-05-15', N'Hồng Bàng', '091236522', 'HHP'),
    ('EHP003', N'Nguyễn Nam Dương', '1999-06-01', N'Vĩnh Bảo', '0965654323', 'HHP'),
	('EHP004', N'Nguyễn Đắc Thắng', '2003-01-01', N'Đồ Sơn', '0955234221', 'HHP'),
    ('EHP005', N'Bùi Doãn Long', '1995-05-15', N'Ngô Quyền', '0972354322', 'HHP'),
	('EHP006', N'Bùi Thị Thuỳ', '1998-05-15', N'Kiến Thụy', '0123123213', 'HHP'),
    ('EHP007', N'Nguyễn Mạnh Quang', '2000-06-01', N'Hồng Bàng', '0944654323', 'HHP'),
	('EHP008', N'Nguyễn Đình Vũ', '2003-01-01', N'Lê Chân', '0988644321', 'HHP');
GO
-- Thêm dữ liệu cho bảng TransactionInfo
INSERT INTO Card (ID, expire_date, ID_card_type, ID_account)
VALUES 
    ('CHP001', '2024-06-11', 'CT001', 'AHP001'),
	('CHP002', '2027-12-14', 'CT001', 'AHP001'),
	('CHP003', '2027-01-03', 'CT001', 'AHP002'),
	('CHP004', '2029-12-16', 'CT001', 'AHP003'),
	('CHP005', '2030-12-10', 'CT001', 'AHP004'),
	('CHP006', '2029-05-30', 'CT001', 'AHP005'),
	('CHP007', '2027-12-03', 'CT001', 'AHP006'),
	('CHP008', '2025-12-03', 'CT001', 'AHP007'),
	('CHP009', '2025-12-19', 'CT001', 'AHP008'),
	('CHP010', '2025-01-02', 'CT001', 'AHP009'),
	('CHP011', '2026-01-12', 'CT001', 'AHP010'),
	('CHP012', '2029-01-14', 'CT002', 'AHP011'),
	('CHP013', '2025-01-17', 'CT003', 'AHP012'),
	('CHP014', '2028-01-12', 'CT004', 'AHP013'),
	('CHP015', '2025-10-01', 'CT005', 'AHP014'),
	('CHP016', '2029-11-02', 'CT006', 'AHP015'),
	('CHP017', '2028-08-17', 'CT007', 'AHP007'),
	('CHP018', '2025-09-17', 'CT004', 'AHP002'),
	('CHP019', '2025-12-17', 'CT001', 'AHP005'),
	('CHP020', '2027-05-16', 'CT002', 'AHP001'),
	('CHP021', '2026-04-13', 'CT003', 'AHP002'),
	('CHP022', '2025-12-12', 'CT006', 'AHP006'),
	('CHP023', '2029-03-14', 'CT005', 'AHP007'),
	('CHP024', '2025-12-15', 'CT002', 'AHP009');
GO
INSERT INTO TransactionInfo (ID, transaction_date, transaction_value, ID_source_account, ID_target_account, ID_employee)
VALUES 
    ('TIHP001', '2024-04-03', 1000000, 'AHP001', 'AHP002', 'EHP001'),
    ('TIHP002', '2024-04-03', 500000, 'AHP001', 'AHP012', 'EHP001'),
    ('TIHP003', '2024-03-03', 1000000, 'AHP001', 'AHP012', 'EHP001'),
	('TIHP004', '2023-03-03', 1000000, 'AHP001', 'AHP002', 'EHP001'),
    ('TIHP005', '2023-03-02', 2500000, 'AHP002', 'AHP003', 'EHP002'),
    ('TIHP006', '2023-04-02', 14000000, 'AHP001', 'AHP005', 'EHP003'),
	('TIHP007', '2025-04-02', 11000000, 'AHP001', 'AHP007', 'EHP003'),
    ('TIHP008', '2025-04-03', 500000, 'AHP002', 'AHP008', 'EHP003'),
    ('TIHP009', '2025-04-03', 1000000, 'AHP001', 'AHP004', 'EHP004'),
	('TIHP010', '2024-05-04', 1000000, 'AHP001', 'AHP005', 'EHP001'),
    ('TIHP011', '2024-05-04', 500000, 'AHP002', 'AHP005', 'EHP005'),
    ('TIHP012', '2023-05-04', 1000000, 'AHP001', 'AHP012', 'EHP001'),
	('TIHP013', '2023-04-03', 1000000, 'AHP001', 'AHP001', 'EHP001'),
    ('TIHP014', '2023-04-03', 500000, 'AHP002', 'AHP003', 'EHP001'),
    ('TIHP015', '2024-04-03', 140005000, 'AHP003', 'AHP002', 'EHP006'),
	('TIHP016', '2024-04-03', 14000000, 'AHP004', 'AHP001', 'EHP007'),
    ('TIHP017', '2023-03-14', 540000, 'AHP005', 'AHP003', 'EHP007'),
    ('TIHP018', '2023-03-14', 1444000, 'AHP006', 'AHP002', 'EHP006'),
	('TIHP019', '2023-03-14', 1434000, 'AHP007', 'AHP001', 'EHP006'),
    ('TIHP020', '2024-03-03', 543400, 'AHP008', 'AHP003', 'EHP001'),
    ('TIHP021', '2024-04-02', 1434000, 'AHP009', 'AHP002', 'EHP001'),
	('TIHP022', '2024-03-13', 1000000, 'AHP010', 'AHP001', 'EHP001'),
    ('TIHP023', '2024-03-13', 500000, 'AHP011', 'AHP003', 'EHP004'),
    ('TIHP024', '2024-03-13', 1000000, 'AHP012', 'AHP002', 'EHP005'),
	('TIHP025', '2024-03-02', 500000, 'AHP013', 'AHP005', 'EHP002'),
	('TIHP026', '2024-03-13', 1000000, 'AHP014', 'AHP001', 'EHP002'),
    ('TIHP027', '2022-03-16', 500000, 'AHP015', 'AHP004', 'EHP002'),
    ('TIHP028', '2022-03-16', 1000000, 'AHP007', 'AHP002', 'EHP005'),
	('TIHP029', '2022-03-06', 500000, 'AHP007', 'AHP002', 'EHP005'),
	('TIHP030', '2024-08-02', 500000, 'AHP005', 'AHP003', 'EHP005'),
    ('TIHP031', '2023-08-04', 500000, 'AHP007', 'AHP005', 'EHP005'),
    ('TIHP032', '2023-08-04', 1000000, 'AHP008', 'AHP012', 'EHP001'),
	('TIHP033', '2023-04-03', 1000000, 'AHP004', 'AHP006', 'EHP001'),
    ('TIHP034', '2023-07-03', 500000, 'AHP005', 'AHP007', 'EHP001'),
    ('TIHP035', '2024-07-03', 140005000, 'AHP003', 'AHP006', 'EHP006'),
	('TIHP036', '2024-07-03', 14000000, 'AHP004', 'AHP006', 'EHP007'),
    ('TIHP037', '2023-07-14', 540000, 'AHP005', 'AHP003', 'EHP007'),
    ('TIHP038', '2023-07-14', 1444000, 'AHP012', 'AHP002', 'EHP006'),
	('TIHP039', '2023-06-14', 1434000, 'AHP013', 'AHP001', 'EHP006'),
    ('TIHP040', '2023-06-03', 543400, 'AHP008', 'AHP012', 'EHP001'),
    ('TIHP041', '2023-06-02', 1434000, 'AHP009', 'AHP014', 'EHP001'),
	('TIHP042', '2023-06-13', 1000000, 'AHP010', 'AHP015', 'EHP001'),
    ('TIHP043', '2023-06-13', 500000, 'AHP011', 'AHP008', 'EHP004'),
    ('TIHP044', '2023-05-13', 1000000, 'AHP012', 'AHP013', 'EHP005'),
	('TIHP045', '2024-05-02', 500000, 'AHP013', 'AHP005', 'EHP002'),
	('TIHP046', '2022-05-13', 1000000, 'AHP014', 'AHP014', 'EHP002'),
    ('TIHP047', '2022-05-16', 500000, 'AHP015', 'AHP004', 'EHP002'),
    ('TIHP048', '2022-05-16', 1000000, 'AHP011', 'AHP013', 'EHP005'),
	('TIHP049', '2022-05-06', 500000, 'AHP009', 'AHP007', 'EHP005'),
	('TIHP050', '2022-03-02', 500000, 'AHP010', 'AHP006', 'EHP005');
Go