-- Thêm dữ liệu cho bảng Headquarter
INSERT INTO Headquarter (ID, name_headquarter, address, phone_number)
VALUES 
    ('HVP', N'Vĩnh Phúc', N'Vĩnh Tường, Vĩnh Phúc', ' 02113839259');
GO
-- Thêm dữ liệu cho bảng Customer
INSERT INTO Customer (ID, name_customer, date_of_birth, address, identify_number, phone_number, ID_headquarter)
VALUES 
    ('CVP001', N'Hà Thị Hồng Nhung', '1987-05-25', N'Vĩnh Phúc', '060258329', '0388462954', 'HVP'),
    ('CVP002', N'Vũ Thị Ngọc Anh', '1994-12-15', N'Vĩnh Phúc', '094289937', '0836183689', 'HVP'),
	('CVP003', N'Phạm Văn Đăng', '2002-03-16',N'Vĩnh Phúc', '104197864', '0915423273', 'HVP'),
    ('CVP004', N'Bùi Anh Duy', '1989-01-21',N'Vĩnh Phúc', '038238631', '0943416918', 'HVP'),
	('CVP005', N'Xa Thị Chang', '2000-04-16', N'Vĩnh Phúc', '105137228', '0356687517', 'HVP'),
	('CVP007', N'Bùi Văn Dương', '1987-05-16', N'Vĩnh Phúc', '110158380', '0379166722', 'HVP'),
    ('CVP008', N'Lê Trường Đạt', '1996-05-22', N'Vĩnh Phúc', '035096207', '0925173378', 'HVP'),
    ('CVP006', N'Nguyễn Hoàng Anh Phương', '2003-05-24',N'Vĩnh Phúc', '005138609', '0334599399', 'HVP'),
	('CVP009', N'Nguyễn Thị Nhớ', '1986-04-25', N'Vĩnh Phúc', '082023449', '0961204558', 'HVP'),
    ('CVP010', N'Nguyễn Thế Cao', '1998-07-08', N'Vĩnh Phúc', '020124116', '0364966918', 'HVP'),
	('CVP011', N'Nguyễn Xuân Minh', '1980-03-11', N'Vĩnh Phúc', '116106459', '0853599357', 'HVP'),
    ('CVP012', N'Đỗ Hương Mai', '2003-08-04', N'Vĩnh Phúc', '006062438', '0347359684', 'HVP'),
	('CVP013', N'Trần Thanh Nhựt', '1995-05-07', N'Vĩnh Phúc', '072227988', '0983564438', 'HVP'),
	('CVP014', N'Bùi Thị Hoa Sen', '1991-03-17', N'Vĩnh Phúc', '103157997', '0927154194', 'HVP'),
    ('CVP015', N'Trần Quý Tài', '2002-04-18', N'Vĩnh Phúc', '120001551', '0975264244', 'HVP'),
    ('CVP016', N'Lê Đăng Lực', '2004-05-11', N'Vĩnh Phúc', '083062653', '0976109974', 'HVP'),
    ('CVP017', N'Nguyễn Tiến Đạt', '2003-12-21', N'Vĩnh Phúc', '120240915', '0397124534', 'HVP'),
    ('CVP018', N'Hoàng Tuấn Anh', '2000-09-11', N'Vĩnh Phúc', '108294525', '0773340360', 'HVP'),
    ('CVP019', N'Bùi Trường Sơn', '2003-08-09', N'Vĩnh Phúc', '057099069', '0345615306', 'HVP'),
    ('CVP020', N'Bùi Thị Trang', '2001-05-17', N'Vĩnh Phúc', '091165257', '0912960081', 'HVP');

GO
-- Thêm dữ liệu cho bảng Account
INSERT INTO Account (ID, balance, start_date, ID_customer)
VALUES 
    ('AVP001', 635000000, '2021-01-03', 'CVP001'),
    ('AVP002', 236000000, '2023-01-03', 'CVP002'),
    ('AVP003', 430000000, '2020-02-01', 'CVP003'),
	('AVP004', 328000000, '2024-01-15', 'CVP004'),
    ('AVP005', 405200000, '2023-03-15', 'CVP005'),
    ('AVP006', 456000000, '2021-05-14', 'CVP006'),
	('AVP007', 65620000, '2023-01-01', 'CVP007'),
    ('AVP008', 304200000, '2023-04-15', 'CVP008'),
    ('AVP009', 739000000, '2022-04-25', 'CVP009'),
	('AVP010', 534700000, '2021-06-13', 'CVP010'),
    ('AVP011', 472000000, '2023-06-20', 'CVP011'),
    ('AVP012', 833000000, '2020-12-01', 'CVP012'),
	('AVP013', 113500000, '2021-11-15', 'CVP013'),
    ('AVP014', 143000000, '2022-03-15', 'CVP014'),
    ('AVP015', 253400000, '2020-02-24', 'CVP015'),
    ('AVP016', 70000000, '2022-08-15', 'CVP016'),
    ('AVP017', 306000000, '2019-01-19', 'CVP017'),
    ('AVP018', 209000000, '2022-04-20', 'CVP018'),
    ('AVP019', 901400000, '2021-11-20', 'CVP019'),
    ('AVP020', 124200000, '2023-08-04', 'CVP020');
GO
-- Thêm dữ liệu cho bảng Employee
INSERT INTO Employee (ID, name_employee, date_of_birth, address, phone_number, ID_headquarter)
VALUES 
    ('EVP001', N'Nguyễn Trường Sơn', '1992-04-25', N'Tuyên Quang', '0828706419', 'HVP'),
    ('EVP002', N'Lê Dương Thế Phương', '1991-05-15', N'Phú Thọ', '0967247572', 'HVP'),
    ('EVP003', N'Kiều Cao Huấn', '1994-06-11', N'Vĩnh Phúc', '0979940924', 'HVP'),
	('EVP004', N'Đinh Thị Diệu Mỹ', '1998-02-01', N'Hà Nội', '0988377561', 'HVP'),
    ('EVP005', N'Đoàn Mai Anh', '1995-05-20', N'Thái Nguyên', '0333069106', 'HVP'),
	('EVP006', N'Nguyễn Văn Tuấn', '1995-03-17', N'Hòa Bình', '0978357293', 'HVP'),
    ('EVP007', N'Phạm Thị Thu Hằng', '1996-07-28', N'Thái Bình', '0342055154', 'HVP'),
	('EVP008', N'Trần Đình Viện', '2000-01-20', N'Lai Châu', '0398004717', 'HVP'),
	('EVP009', N'Triệu Thị Huyền Trang', '1997-08-11', N'Lạng Sơn', '0865140952', 'HVP'),
	('EVP010', N'Nguyễn Văn Lợi', '1989-03-20', N'Cao Bằng', '0866450746', 'HVP');
GO
-- Thêm dữ liệu cho bảng Card
INSERT INTO Card (ID, expire_date, ID_card_type, ID_account)
VALUES 
    ('CVP001', '2026-01-03', 'CT001', 'AVP001'),
	('CVP002', '2027-12-14', 'CT001', 'AVP001'),
	('CVP003', '2028-01-03', 'CT001', 'AVP002'),
	('CVP004', '2027-12-16', 'CT001', 'AVP003'),
	('CVP005', '2030-12-10', 'CT001', 'AVP004'),
	('CVP006', '2028-05-30', 'CT001', 'AVP005'),
	('CVP007', '2026-12-03', 'CT001', 'AVP006'),
	('CVP008', '2029-07-03', 'CT001', 'AVP007'),
	('CVP009', '2028-12-19', 'CT001', 'AVP008'),
	('CVP010', '2027-01-02', 'CT001', 'AVP009'),
	('CVP011', '2029-01-12', 'CT001', 'AVP010'),
	('CVP012', '2030-01-14', 'CT002', 'AVP011'),
	('CVP013', '2026-02-17', 'CT003', 'AVP012'),
	('CVP014', '2028-03-12', 'CT004', 'AVP013'),
	('CVP015', '2026-10-01', 'CT005', 'AVP014'),
	('CVP016', '2028-12-02', 'CT006', 'AVP015'),
	('CVP017', '2029-07-17', 'CT007', 'AVP007'),
	('CVP018', '2026-08-17', 'CT004', 'AVP002'),
	('CVP019', '2027-11-17', 'CT001', 'AVP005'),
	('CVP020', '2028-06-16', 'CT002', 'AVP001'),
	('CVP021', '2026-05-13', 'CT003', 'AVP002'),
	('CVP022', '2027-10-12', 'CT006', 'AVP006'),
	('CVP023', '2030-04-14', 'CT005', 'AVP007'),
	('CVP024', '2029-11-15', 'CT002', 'AVP009'),
	('CVP025', '2028-10-15', 'CT003', 'AVP003');
GO
--Thêm dữ liệu cho bảng TransactionInfo
INSERT INTO TransactionInfo (ID, transaction_date, transaction_value, ID_source_account, ID_target_account, ID_employee)
VALUES 
    ('TIVP001', '2023-05-03', 1000000, 'AVP001', 'AVP002', 'EVP001'),
    ('TIVP002', '2024-04-03', 500000, 'AVP001', 'AVP012', 'EVP001'),
    ('TIVP003', '2024-03-03', 1000000, 'AVP001', 'AVP012', 'EVP001'),
	('TIVP004', '2023-03-03', 1000000, 'AVP001', 'AVP002', 'EVP001'),
    ('TIVP005', '2023-03-02', 2500000, 'AVP002', 'AVP003', 'EVP002'),
    ('TIVP006', '2023-04-02', 14000000, 'AVP001', 'AVP005', 'EVP003'),
	('TIVP007', '2021-05-21', 11000000, 'AVP001', 'AVP007', 'EVP003'),
    ('TIVP008', '2021-05-21', 3500000, 'AVP002', 'AVP008', 'EVP003'),
    ('TIVP009', '2021-05-22', 1900000, 'AVP001', 'AVP004', 'EVP004'),
	('TIVP010', '2024-05-04', 17000000, 'AVP001', 'AVP005', 'EVP001'),
    ('TIVP011', '2024-05-04', 5100000, 'AVP002', 'AVP005', 'EVP005'),
    ('TIVP012', '2023-05-04', 1300000, 'AVP001', 'AVP012', 'EVP001'),
	('TIVP013', '2023-04-03', 1200000, 'AVP001', 'AVP001', 'EVP001'),
    ('TIVP014', '2023-04-03', 5100000, 'AVP002', 'AVP003', 'EVP001'),
    ('TIVP015', '2024-01-21', 14000000, 'AVP003', 'AVP002', 'EVP006'),
	('TIVP016', '2024-01-21', 14100000, 'AVP004', 'AVP001', 'EVP007'),
    ('TIVP017', '2023-03-14', 5400000, 'AVP005', 'AVP003', 'EVP007'),
    ('TIVP018', '2023-03-14', 14440000, 'AVP006', 'AVP002', 'EVP006'),
	('TIVP019', '2023-03-14', 14340000, 'AVP007', 'AVP001', 'EVP006'),
    ('TIVP020', '2024-03-03', 5434000, 'AVP008', 'AVP003', 'EVP001'),
    ('TIVP021', '2021-02-14', 1498000, 'AVP009', 'AVP002', 'EVP001'),
	('TIVP022', '2024-03-11', 1300000, 'AVP010', 'AVP001', 'EVP001'),
    ('TIVP023', '2024-03-12', 9000000, 'AVP011', 'AVP003', 'EVP004'),
    ('TIVP024', '2024-02-29', 2000000, 'AVP012', 'AVP002', 'EVP005'),
	('TIVP025', '2024-03-01', 700000, 'AVP013', 'AVP005', 'EVP002'),
	('TIVP026', '2024-03-03', 1320000, 'AVP014', 'AVP001', 'EVP002'),
    ('TIVP027', '2022-03-17', 520000, 'AVP015', 'AVP004', 'EVP002'),
    ('TIVP028', '2022-03-19', 1310000, 'AVP007', 'AVP002', 'EVP005'),
	('TIVP029', '2022-03-26', 560000, 'AVP007', 'AVP002', 'EVP005'),
	('TIVP030', '2023-08-02', 590000, 'AVP005', 'AVP003', 'EVP005'),
    ('TIVP031', '2022-08-04', 520000, 'AVP007', 'AVP005', 'EVP005'),
    ('TIVP032', '2022-08-04', 1100000, 'AVP008', 'AVP012', 'EVP001'),
	('TIVP033', '2023-04-25', 1300000, 'AVP004', 'AVP006', 'EVP001'),
    ('TIVP034', '2023-11-11', 5000000, 'AVP005', 'AVP007', 'EVP001'),
    ('TIVP035', '2023-11-11', 14100000, 'AVP003', 'AVP006', 'EVP006'),
	('TIVP036', '2023-04-14', 14000000, 'AVP004', 'AVP006', 'EVP007'),
    ('TIVP037', '2023-07-15', 5400000, 'AVP005', 'AVP003', 'EVP007'),
    ('TIVP038', '2023-07-29', 1414000, 'AVP012', 'AVP002', 'EVP006'),
	('TIVP039', '2023-06-14', 1494000, 'AVP013', 'AVP001', 'EVP006'),
    ('TIVP040', '2023-06-06', 547400, 'AVP008', 'AVP012', 'EVP001'),
    ('TIVP041', '2022-06-23', 1424000, 'AVP009', 'AVP014', 'EVP001'),
	('TIVP042', '2023-06-17', 1030000, 'AVP010', 'AVP015', 'EVP001'),
    ('TIVP043', '2023-07-13', 510000, 'AVP011', 'AVP008', 'EVP004'),
    ('TIVP044', '2023-05-17', 1300000, 'AVP012', 'AVP013', 'EVP005'),
	('TIVP045', '2022-05-03', 550000, 'AVP013', 'AVP005', 'EVP002'),
	('TIVP046', '2021-05-15', 1000000, 'AVP014', 'AVP011', 'EVP002'),
    ('TIVP047', '2023-05-16', 500000, 'AVP015', 'AVP004', 'EVP002'),
    ('TIVP048', '2024-03-02', 1000000, 'AVP011', 'AVP013', 'EVP005'),
	('TIVP049', '2023-05-06', 500000, 'AVP009', 'AVP007', 'EVP005'),
	('TIVP050', '2021-03-02', 500000, 'AVP010', 'AVP006', 'EVP005');
Go