-- Thêm dữ liệu cho bảng Headquarter
INSERT INTO Headquarter (ID, name_headquarter, address, phone_number)
VALUES 
    ('HDB', N'Điện Biên', N'Điện Biên Phủ, Điện Biên', '01234512312');
GO
-- Thêm dữ liệu cho bảng Customer
INSERT INTO Customer (ID, name_customer, date_of_birth, address, identify_number, phone_number, ID_headquarter)
VALUES 
    ('CDB001', N'Nguyễn Văn Thang', '1990-03-15', N'Điện Biên', '123456789', '0987654321', 'HDB'),
    ('CDB002', N'Trần Thị Dung', '1994-11-20', N'Điện Biên', '987654321', '0987654322', 'HDB'),
	('CDB003', N'Nguyễn Quang Anh', '2022-03-15',N'Điện Biên', '123451239', '45645546', 'HDB'),
    ('CDB004', N'Đăng Trần Minh', '1990-01-20',N'Điện Biên', '98765123121', '456456', 'HDB'),
	('CDB005', N'Nguyễn Quang Nam', '2000-03-15', N'Điện Biên', '123412312789', '4456456', 'HDB'),
	('CDB007', N'Nguyễn Văn Nam', '1999-03-15', N'Điện Biên', '123123126789', '0945654321', 'HDB'),
    ('CDB008', N'Trần Bình', '1996-05-20', N'Điện Biên', '9812312321', '0987645622', 'HDB'),
    ('CDB006', N'Trần Văn Bình', '2000-05-20',N'Điện Biên', '98712321', '09832456452', 'HDB'),
	('CDB009', N'Nguyễn Tuyết', '1985-03-15', N'Điện Biên', '1214146789', '0984564321', 'HDB'),
    ('CDB010', N'Trần Thị Nguyệt', '1999-05-20', N'Điện Biên', '987454521', '09874562', 'HDB'),
	('CDB011', N'Nguyễn Văn Huy', '1996-03-15', N'Điện Biên', '156556789', '098745645321', 'HDB'),
    ('CDB012', N'Trần Thị Nam', '2004-05-20', N'Điện Biên', '98978921', '098765456452', 'HDB'),
	('CDB013', N'Trần Thị Kiên', '1999-05-20', N'Điện Biên', '987897321', '098764562', 'HDB'),
	('CDB014', N'Nguyễn Văn Nam', '1998-03-15', N'Điện Biên', '1678676789', '09845645321', 'HDB'),
    ('CDB015', N'Trần Thị Bình', '2003-05-15', N'Điện Biên', '98089021', '0987456422', 'HDB');
GO
-- Thêm dữ liệu cho bảng Account
INSERT INTO Account (ID, balance, start_date, ID_customer)
VALUES 
    ('ADB001', 545000000, '2022-01-01', 'CDB001'),
    ('ADB002', 245000000, '2024-01-15', 'CDB002'),
    ('ADB003', 435000000, '2022-02-01', 'CDB003'),
	('ADB004', 50000000, '2022-07-01', 'CDB004'),
    ('ADB005', 452000000, '2023-01-15', 'CDB005'),
    ('ADB006', 453000000, '2021-02-01', 'CDB006'),
	('ADB007', 655002000, '2023-01-01', 'CDB007'),
    ('ADB008', 342000000, '2024-03-15', 'CDB008'),
    ('ADB009', 343000000, '2022-04-01', 'CDB009'),
	('ADB010', 534300000, '2023-01-01', 'CDB010'),
    ('ADB011', 452000000, '2021-06-15', 'CDB011'),
    ('ADB012', 533000000, '2022-12-01', 'CDB012'),
	('ADB013', 135000000, '2020-11-01', 'CDB013'),
    ('ADB014', 142000005, '2021-01-15', 'CDB014'),
    ('ADB015', 153000400, '2020-02-01', 'CDB015');
GO
-- Thêm dữ liệu cho bảng Employee
INSERT INTO Employee (ID, name_employee, date_of_birth, address, phone_number, ID_headquarter)
VALUES 
    ('EDB001', N'Nguyễn Văn Thặng', '1991-01-01', N'Đà Nẵng', '0987654123321', 'HDB'),
    ('EDB002', N'Trần Thị Bích', '1990-05-15', N'An Giang', '09123654322', 'HDB'),
    ('EDB003', N'Nguyễn Nam', '1999-06-01', N'Điện Biên', '09444654323', 'HDB'),
	('EDB004', N'Nguyễn Cao Phi', '2003-01-01', N'Sơn La', '0955654321', 'HDB'),
    ('EDB005', N'Đặng Thành Long', '1995-05-15', N'An Giang', '0977654322', 'HDB'),
	('EDB006', N'Bùi Thị Thu', '1998-05-15', N'An Giang', '0123123213', 'HDB'),
    ('EDB007', N'Nguyễn Văn Quang', '2000-06-01', N'Điện Biên', '095544654323', 'HDB'),
	('EDB008', N'Nguyễn Đình Kiếm', '2003-01-01', N'Lai Châu', '0988654321', 'HDB');
GO
-- Thêm dữ liệu cho bảng TransactionInfo
INSERT INTO Card (ID, expire_date, ID_card_type, ID_account)
VALUES 
    ('CDB001', '2025-06-12', 'CT001', 'ADB001'),
	('CDB002', '2026-12-14', 'CT001', 'ADB001'),
	('CDB003', '2027-01-03', 'CT001', 'ADB002'),
	('CDB004', '2029-12-16', 'CT001', 'ADB003'),
	('CDB005', '2030-12-10', 'CT001', 'ADB004'),
	('CDB006', '2029-05-30', 'CT001', 'ADB005'),
	('CDB007', '2027-12-03', 'CT001', 'ADB006'),
	('CDB008', '2025-12-03', 'CT001', 'ADB007'),
	('CDB009', '2025-12-19', 'CT001', 'ADB008'),
	('CDB010', '2025-01-02', 'CT001', 'ADB009'),
	('CDB011', '2026-01-12', 'CT001', 'ADB010'),
	('CDB012', '2029-01-14', 'CT002', 'ADB011'),
	('CDB013', '2025-01-17', 'CT003', 'ADB012'),
	('CDB014', '2028-01-12', 'CT004', 'ADB013'),
	('CDB015', '2025-10-01', 'CT005', 'ADB014'),
	('CDB016', '2029-11-02', 'CT006', 'ADB015'),
	('CDB017', '2028-08-17', 'CT007', 'ADB007'),
	('CDB018', '2025-09-17', 'CT004', 'ADB002'),
	('CDB019', '2025-12-17', 'CT001', 'ADB005'),
	('CDB020', '2027-05-16', 'CT002', 'ADB001'),
	('CDB021', '2026-04-13', 'CT003', 'ADB002'),
	('CDB022', '2025-12-12', 'CT006', 'ADB006'),
	('CDB023', '2029-03-14', 'CT005', 'ADB007'),
	('CDB024', '2025-12-15', 'CT002', 'ADB009');
GO
INSERT INTO TransactionInfo (ID, transaction_date, transaction_value, ID_source_account, ID_target_account, ID_employee)
VALUES 
    ('TIDB001', '2024-04-03', 1000000, 'ADB001', 'ADB002', 'EDB001'),
    ('TIDB002', '2024-04-03', 500000, 'ADB001', 'ADB012', 'EDB001'),
    ('TIDB003', '2024-03-03', 1000000, 'ADB001', 'ADB012', 'EDB001'),
	('TIDB004', '2023-03-03', 1000000, 'ADB001', 'ADB002', 'EDB001'),
    ('TIDB005', '2023-03-02', 2500000, 'ADB002', 'ADB003', 'EDB002'),
    ('TIDB006', '2023-04-02', 14000000, 'ADB001', 'ADB005', 'EDB003'),
	('TIDB007', '2025-04-02', 11000000, 'ADB001', 'ADB007', 'EDB003'),
    ('TIDB008', '2025-04-03', 500000, 'ADB002', 'ADB008', 'EDB003'),
    ('TIDB009', '2025-04-03', 1000000, 'ADB001', 'ADB004', 'EDB004'),
	('TIDB010', '2024-05-04', 1000000, 'ADB001', 'ADB005', 'EDB001'),
    ('TIDB011', '2024-05-04', 500000, 'ADB002', 'ADB005', 'EDB005'),
    ('TIDB012', '2023-05-04', 1000000, 'ADB001', 'ADB012', 'EDB001'),
	('TIDB013', '2023-04-03', 1000000, 'ADB001', 'ADB001', 'EDB001'),
    ('TIDB014', '2023-04-03', 500000, 'ADB002', 'ADB003', 'EDB001'),
    ('TIDB015', '2024-04-03', 140005000, 'ADB003', 'ADB002', 'EDB006'),
	('TIDB016', '2024-04-03', 14000000, 'ADB004', 'ADB001', 'EDB007'),
    ('TIDB017', '2023-03-14', 540000, 'ADB005', 'ADB003', 'EDB007'),
    ('TIDB018', '2023-03-14', 1444000, 'ADB006', 'ADB002', 'EDB006'),
	('TIDB019', '2023-03-14', 1434000, 'ADB007', 'ADB001', 'EDB006'),
    ('TIDB020', '2024-03-03', 543400, 'ADB008', 'ADB003', 'EDB001'),
    ('TIDB021', '2024-04-02', 1434000, 'ADB009', 'ADB002', 'EDB001'),
	('TIDB022', '2024-03-13', 1000000, 'ADB010', 'ADB001', 'EDB001'),
    ('TIDB023', '2024-03-13', 500000, 'ADB011', 'ADB003', 'EDB004'),
    ('TIDB024', '2024-03-13', 1000000, 'ADB012', 'ADB002', 'EDB005'),
	('TIDB025', '2024-03-02', 500000, 'ADB013', 'ADB005', 'EDB002'),
	('TIDB026', '2024-03-13', 1000000, 'ADB014', 'ADB001', 'EDB002'),
    ('TIDB027', '2022-03-16', 500000, 'ADB015', 'ADB004', 'EDB002'),
    ('TIDB028', '2022-03-16', 1000000, 'ADB007', 'ADB002', 'EDB005'),
	('TIDB029', '2022-03-06', 500000, 'ADB007', 'ADB002', 'EDB005'),
	('TIDB030', '2024-08-02', 500000, 'ADB005', 'ADB003', 'EDB005'),
    ('TIDB031', '2023-08-04', 500000, 'ADB007', 'ADB005', 'EDB005'),
    ('TIDB032', '2023-08-04', 1000000, 'ADB008', 'ADB012', 'EDB001'),
	('TIDB033', '2023-04-03', 1000000, 'ADB004', 'ADB006', 'EDB001'),
    ('TIDB034', '2023-07-03', 500000, 'ADB005', 'ADB007', 'EDB001'),
    ('TIDB035', '2024-07-03', 140005000, 'ADB003', 'ADB006', 'EDB006'),
	('TIDB036', '2024-07-03', 14000000, 'ADB004', 'ADB006', 'EDB007'),
    ('TIDB037', '2023-07-14', 540000, 'ADB005', 'ADB003', 'EDB007'),
    ('TIDB038', '2023-07-14', 1444000, 'ADB012', 'ADB002', 'EDB006'),
	('TIDB039', '2023-06-14', 1434000, 'ADB013', 'ADB001', 'EDB006'),
    ('TIDB040', '2023-06-03', 543400, 'ADB008', 'ADB012', 'EDB001'),
    ('TIDB041', '2023-06-02', 1434000, 'ADB009', 'ADB014', 'EDB001'),
	('TIDB042', '2023-06-13', 1000000, 'ADB010', 'ADB015', 'EDB001'),
    ('TIDB043', '2023-06-13', 500000, 'ADB011', 'ADB008', 'EDB004'),
    ('TIDB044', '2023-05-13', 1000000, 'ADB012', 'ADB013', 'EDB005'),
	('TIDB045', '2024-05-02', 500000, 'ADB013', 'ADB005', 'EDB002'),
	('TIDB046', '2022-05-13', 1000000, 'ADB014', 'ADB014', 'EDB002'),
    ('TIDB047', '2022-05-16', 500000, 'ADB015', 'ADB004', 'EDB002'),
    ('TIDB048', '2022-05-16', 1000000, 'ADB011', 'ADB013', 'EDB005'),
	('TIDB049', '2022-05-06', 500000, 'ADB009', 'ADB007', 'EDB005'),
	('TIDB050', '2022-03-02', 500000, 'ADB010', 'ADB006', 'EDB005');
Go